CREATE DATABASE IF NOT EXISTS citasmedicas 
CHARACTER SET utf8mb4 
COLLATE utf8mb4_unicode_ci;


use citasmedicas;
CREATE TABLE IF NOT EXISTS citas (
	id	INT AUTO_INCREMENT PRIMARY KEY,
	fecha_hora	VARCHAR(100),
	paciente	INT NOT NULL,
	medico	INT NOT NULL
);

CREATE TABLE IF NOT EXISTS pacientes (
    identificacion INT PRIMARY KEY,
    nombre_completo VARCHAR(100) NOT NULL,
    celular VARCHAR(100) NOT NULL,
    correo VARCHAR(255)
);

CREATE TABLE IF NOT EXISTS medicos (
    identificacion INT PRIMARY KEY,
    nombre_completo VARCHAR(100) NOT NULL,
    telefono VARCHAR(100) NOT NULL,
    especialidad VARCHAR(255)
);

INSERT INTO citas (id,fecha_hora,paciente,medico) VALUES (1,'2024-12-04 09:00:00',1191767332,1111419588),
 (2,'2025-01-01 11:40:00',1179496278,1122339132),
 (3,'2024-12-19 12:00:00',1117241556,1133187876),
 (4,'2024-11-27 15:00:00',1189160997,1122024681),
 (5,'2024-12-12 09:20:00',1128448925,1159323658),
 (6,'2024-12-06 08:20:00',1126950813,1128055020),
 (7,'2024-11-28 07:40:00',1150462271,1194214360),
 (8,'2024-12-04 10:40:00',1185600094,1174947036),
 (9,'2024-11-25 15:20:00',1124666188,1181934671),
 (10,'2024-11-27 07:40:00',1155275823,1182918906),
 (11,'2024-12-05 16:20:00',1122221918,1165585821),
 (12,'2024-12-02 11:20:00',1101259808,1161935747),
 (13,'2024-12-05 12:20:00',1123254768,1178235308),
 (14,'2024-11-20 12:40:00',1127443510,1123024064),
 (15,'2024-12-09 12:40:00',1120507757,1154012523),
 (16,'2025-01-01 09:20:00',1110030028,1122339132),
 (17,'2024-11-26 13:20:00',1170303829,1139793535),
 (18,'2024-11-28 12:20:00',1142313808,1152065147),
 (19,'2024-11-20 16:00:00',1121219827,1187433699),
 (20,'2024-12-03 11:20:00',1112904283,1133675406),
 (21,'2025-01-01 09:20:00',1147663030,1109364504),
 (22,'2024-12-26 10:40:00',1113930051,1133187876),
 (23,'2024-12-11 10:00:00',1154671233,1194214360),
 (24,'2024-12-09 10:20:00',1144151982,1161935747),
 (25,'2025-01-01 09:20:00',1177699889,1165349673),
 (26,'2024-12-20 10:40:00',1116191610,1133187876),
 (27,'2024-12-23 14:20:00',1134364969,1172148045),
 (28,'2024-12-03 16:00:00',1179680862,1122529580),
 (29,'2024-12-27 07:00:00',1136789523,1100274636),
 (30,'2024-12-04 16:20:00',1118079012,1177926438),
 (31,'2024-12-09 07:20:00',1178692070,1180777452),
 (32,'2024-12-13 16:00:00',1106091122,1170340927),
 (33,'2024-11-20 10:20:00',1117870223,1109364504),
 (34,'2024-12-13 15:40:00',1110437820,1170340927),
 (35,'2024-12-16 11:40:00',1116077732,1124774990),
 (36,'2024-11-29 09:40:00',1171191401,1109364504),
 (37,'2024-12-25 09:20:00',1104825221,1178215944),
 (38,'2024-12-04 08:40:00',1140767825,1178215944),
 (39,'2024-12-26 13:20:00',1125762236,1188716545),
 (40,'2024-11-27 08:00:00',1196910247,1143133480),
 (41,'2024-12-02 16:00:00',1190612261,1122529580),
 (42,'2024-12-03 16:40:00',1168008906,1174947036),
 (43,'2024-11-25 08:20:00',1129574737,1122529580),
 (44,'2024-12-19 10:40:00',1163032662,1178235308),
 (45,'2024-12-24 14:00:00',1120126403,1100274636),
 (46,'2024-11-21 12:40:00',1111161178,1159323658),
 (47,'2024-12-04 15:00:00',1185600094,1165349673),
 (48,'2024-12-30 09:00:00',1159838047,1174947036),
 (49,'2024-12-02 07:40:00',1141987647,1130698277),
 (50,'2024-11-20 14:00:00',1134364969,1143133480),
 (51,'2024-12-31 11:00:00',1199020175,1143474814),
 (52,'2024-12-24 09:20:00',1147663030,1183537648),
 (53,'2024-11-19 15:40:00',1124666188,1111419588),
 (54,'2024-11-25 12:00:00',1102837080,1174947036),
 (55,'2024-12-13 15:00:00',1112698364,1162453263),
 (56,'2024-12-19 08:20:00',1191052830,1186292264),
 (57,'2025-01-01 11:00:00',1133768115,1130698277),
 (58,'2024-11-28 12:00:00',1136281127,1165349673),
 (59,'2024-11-29 10:20:00',1180130629,1182918906),
 (60,'2024-12-13 07:20:00',1114961115,1123423704),
 (61,'2024-12-06 09:00:00',1195289286,1102425381),
 (62,'2024-12-18 16:00:00',1144112182,1178215944),
 (63,'2024-12-06 11:20:00',1170167350,1159323658),
 (64,'2024-12-17 16:40:00',1118149873,1126211224),
 (65,'2024-11-26 11:20:00',1177727918,1122024681),
 (66,'2024-12-31 08:40:00',1117735231,1182918906),
 (67,'2025-01-01 07:40:00',1173430476,1178235308),
 (68,'2024-11-28 14:20:00',1153505401,1115030645),
 (69,'2025-01-01 13:20:00',1174999429,1183537648),
 (70,'2024-12-05 08:40:00',1167086962,1171667032),
 (71,'2024-12-02 13:20:00',1103430678,1171667032),
 (72,'2024-11-21 09:20:00',1132110686,1143133480),
 (73,'2024-11-21 13:20:00',1125848107,1181934671),
 (74,'2024-12-16 14:20:00',1197081765,1186500516),
 (75,'2024-12-26 10:00:00',1149880765,1152065147),
 (76,'2024-12-19 14:00:00',1121277042,1152065147),
 (77,'2024-11-25 10:00:00',1169228883,1178215944),
 (78,'2024-12-26 12:20:00',1138504551,1111419588),
 (79,'2024-11-28 13:40:00',1149448504,1162453263),
 (80,'2024-12-17 13:20:00',1187867951,1143133480),
 (81,'2024-12-06 13:00:00',1171191401,1102425381),
 (82,'2024-12-20 10:40:00',1106140883,1177926438),
 (83,'2024-12-02 14:20:00',1117241556,1123423704),
 (84,'2024-12-12 07:40:00',1112451700,1154012523),
 (85,'2024-11-26 08:20:00',1199110988,1155681250),
 (86,'2024-12-20 11:40:00',1174966381,1122024681),
 (87,'2024-11-28 15:40:00',1102287213,1194214360),
 (88,'2024-12-17 16:40:00',1137990725,1125014962),
 (89,'2024-12-20 12:40:00',1126025959,1139793535),
 (90,'2024-11-20 12:20:00',1100823216,1133187876),
 (91,'2024-12-09 16:20:00',1184049698,1109364504),
 (92,'2024-12-18 10:40:00',1114416584,1182918906),
 (93,'2024-11-28 08:40:00',1106091122,1115030645),
 (94,'2024-12-17 13:20:00',1130161080,1122529580),
 (95,'2025-01-01 09:20:00',1118565901,1122529580),
 (96,'2024-11-28 10:00:00',1174596160,1125014962),
 (97,'2024-12-11 15:20:00',1118819884,1178215944),
 (98,'2024-12-25 14:20:00',1135007795,1102425381),
 (99,'2024-11-20 08:40:00',1124222591,1122339132),
 (100,'2024-11-19 14:00:00',1134693822,1170340927),
 (101,'2024-12-04 09:40:00',1108573335,1126211224),
 (102,'2024-11-19 09:40:00',1140767825,1109364504),
 (103,'2024-12-06 07:40:00',1169563731,1155681250),
 (104,'2024-11-26 11:40:00',1108040903,1123024064),
 (105,'2024-12-10 08:40:00',1114330124,1118896660),
 (106,'2024-12-03 09:20:00',1119973008,1149957597),
 (107,'2024-12-30 11:40:00',1107943080,1178235308),
 (108,'2024-12-02 15:40:00',1110099189,1143474814),
 (109,'2024-11-22 11:00:00',1177505020,1125014962),
 (110,'2024-12-18 13:00:00',1128501443,1122339132),
 (111,'2024-12-20 14:20:00',1152439325,1174947036),
 (112,'2024-12-25 12:20:00',1118565901,1128055020),
 (113,'2024-12-10 14:40:00',1159838047,1186292264),
 (114,'2024-11-26 15:20:00',1174966381,1170340927),
 (115,'2024-12-03 12:00:00',1136281127,1143133480),
 (116,'2024-11-29 07:20:00',1174596160,1128055020),
 (117,'2024-12-16 11:40:00',1159838047,1143474814),
 (118,'2024-12-16 12:00:00',1139185910,1171667032),
 (119,'2024-12-27 07:00:00',1122823647,1159323658),
 (120,'2024-12-19 09:00:00',1107899686,1146064425),
 (121,'2024-12-31 11:00:00',1170738996,1188716545),
 (122,'2024-11-19 12:20:00',1121087558,1146064425),
 (123,'2024-12-26 16:00:00',1139103844,1123423704),
 (124,'2024-11-20 09:40:00',1109093278,1139793535),
 (125,'2024-12-24 11:20:00',1139185910,1128055020),
 (126,'2024-12-25 14:40:00',1120507757,1187433699),
 (127,'2024-11-22 14:00:00',1155474704,1159323658),
 (128,'2024-12-31 15:00:00',1128641848,1174947036),
 (129,'2024-12-20 10:00:00',1183634849,1115030645),
 (130,'2024-12-26 11:40:00',1139494309,1174947036),
 (131,'2024-11-19 08:40:00',1188136858,1100274636),
 (132,'2024-12-10 08:00:00',1102631297,1186500516),
 (133,'2024-12-13 12:40:00',1185362725,1182918906),
 (134,'2024-11-22 09:00:00',1144151982,1143474814),
 (135,'2024-12-13 10:00:00',1184476775,1165349673),
 (136,'2024-12-19 09:00:00',1196910247,1162453263),
 (137,'2024-11-27 08:00:00',1111479659,1165349673),
 (138,'2024-12-18 14:40:00',1126304821,1181934671),
 (139,'2024-12-27 08:00:00',1139494309,1146064425),
 (140,'2024-11-28 11:20:00',1144786190,1178235308),
 (141,'2024-12-06 08:40:00',1142645051,1133187876),
 (142,'2024-12-30 14:40:00',1167818953,1155681250),
 (143,'2024-12-30 14:40:00',1109211831,1194214360),
 (144,'2024-12-17 14:40:00',1181341892,1170340927),
 (145,'2024-12-25 15:40:00',1119973008,1123024064),
 (146,'2024-11-19 14:20:00',1118819884,1123024064),
 (147,'2024-11-22 11:00:00',1198143319,1182918906),
 (148,'2025-01-01 14:00:00',1124555727,1183537648),
 (149,'2024-11-27 11:00:00',1198406046,1188716545),
 (150,'2024-11-28 07:20:00',1115874610,1170340927),
 (151,'2024-12-18 09:20:00',1103430678,1171667032),
 (152,'2024-11-29 11:20:00',1106572931,1123423704),
 (153,'2024-11-29 11:20:00',1194886869,1124369069),
 (154,'2024-12-04 12:20:00',1159838047,1178215944),
 (155,'2024-11-29 12:40:00',1149935604,1126211224),
 (156,'2024-11-29 11:20:00',1171627134,1102425381),
 (157,'2024-12-06 13:20:00',1177699889,1161935747),
 (158,'2024-12-03 15:20:00',1189956836,1123024064),
 (159,'2024-12-17 09:20:00',1105592802,1170340927),
 (160,'2024-11-27 14:00:00',1199110988,1143474814),
 (161,'2024-12-20 13:00:00',1126321627,1194214360),
 (162,'2024-12-06 08:40:00',1165821655,1111419588),
 (163,'2024-12-19 10:00:00',1185100382,1187433699),
 (164,'2024-11-20 16:20:00',1108040903,1124774990),
 (165,'2024-12-25 14:20:00',1173864776,1146064425),
 (166,'2024-12-18 07:20:00',1137990725,1159323658),
 (167,'2024-12-26 15:20:00',1129907596,1172148045),
 (168,'2024-12-12 15:00:00',1155474704,1181934671),
 (169,'2024-12-06 08:20:00',1186793529,1188716545),
 (170,'2024-11-29 13:40:00',1121427046,1125014962),
 (171,'2024-12-09 07:00:00',1129506199,1187433699),
 (172,'2025-01-01 16:40:00',1168575119,1188716545),
 (173,'2024-11-20 07:40:00',1190814329,1181934671),
 (174,'2024-12-25 10:20:00',1196530829,1181934671),
 (175,'2024-11-27 15:00:00',1183661802,1187433699),
 (176,'2024-11-28 12:20:00',1187831243,1124369069),
 (177,'2024-11-21 13:40:00',1183715345,1116448503),
 (178,'2024-12-26 13:00:00',1152305543,1178235308),
 (179,'2024-11-18 11:00:00',1188136858,1194214360),
 (180,'2024-12-04 13:40:00',1129878650,1124774990),
 (181,'2024-12-11 16:40:00',1177996028,1123024064),
 (182,'2024-12-25 13:20:00',1110287557,1178215944),
 (183,'2024-12-10 14:20:00',1131514621,1165349673),
 (184,'2024-12-02 14:40:00',1123545431,1165585821),
 (185,'2024-11-18 16:40:00',1139494309,1188716545),
 (186,'2024-12-18 08:00:00',1102287213,1115030645),
 (187,'2024-11-25 11:20:00',1104721122,1171667032),
 (188,'2024-12-18 12:20:00',1119496523,1149957597),
 (189,'2024-12-10 13:40:00',1134360671,1126211224),
 (190,'2025-01-01 10:00:00',1191052830,1188716545),
 (191,'2024-12-16 11:20:00',1186935606,1154012523),
 (192,'2024-11-29 11:40:00',1140767825,1155681250),
 (193,'2024-12-23 08:20:00',1169563731,1178215944),
 (194,'2024-12-17 13:40:00',1139659085,1162453263),
 (195,'2024-12-12 15:40:00',1116525664,1109364504),
 (196,'2024-12-05 12:00:00',1163343440,1186292264),
 (197,'2024-12-16 12:00:00',1129393986,1161935747),
 (198,'2024-12-06 08:40:00',1153505401,1133675406),
 (199,'2024-11-21 08:20:00',1191553016,1172148045),
 (200,'2025-01-01 08:20:00',1128369927,1102425381);
INSERT INTO pacientes (identificacion,nombre_completo,celular,correo) VALUES (1100009619,'Melchor Pelayo Jurado','314-785-1535','melchorpelayojurado@yahoo.com'),
 (1100187359,'Cayetano Peralta Pazos','319-199-9098','cayetanoperaltapazos@hotmail.net'),
 (1100199049,'Blanca Blanca','322-171-8255','blancablanca@yahoo.co'),
 (1100220778,'Dafne de Bejarano','320-786-4904','dafnedebejarano@outlook.com'),
 (1100823216,'Eric Viña Cáceres','326-797-7179','ericviñacáceres@hotmail.net'),
 (1101101202,'Óscar Espejo Ros','325-375-3378','óscarespejoros@outlook.co'),
 (1101259808,'Américo Avilés Revilla','323-990-6330','américoavilésrevilla@correo.co'),
 (1101467153,'Salvador Valentín-Amat','312-151-8201','salvadorvalentín-amat@gmail.net'),
 (1101630306,'María José Torrecilla Barrio','326-227-2896','maríajosétorrecillabarrio@gmail.com'),
 (1101662581,'Candelaria Millán-Batalla','314-924-7273','candelariamillán-batalla@webmail.com'),
 (1101990241,'Fátima Rivera Pedraza','310-871-7917','fátimariverapedraza@yahoo.co'),
 (1102287213,'Melisa Cuevas','311-577-9257','melisacuevas@webmail.co'),
 (1102508892,'Zaida Albina Prieto Arroyo','319-226-1596','zaidaalbinaprietoarroyo@correo.co'),
 (1102631297,'Herberto Juliá Blasco','312-312-3235','herbertojuliáblasco@webmail.co'),
 (1102711965,'Jenny Villalba Lobato','329-561-5473','jennyvillalbalobato@hotmail.org'),
 (1102837080,'Griselda Dominguez Peiró','322-202-9813','griseldadominguezpeiró@webmail.es'),
 (1103029090,'Hernán Duarte Porras','324-382-6225','hernánduarteporras@yahoo.es'),
 (1103038103,'Ruperto Roldán Araujo','313-922-3276','rupertoroldánaraujo@webmail.com'),
 (1103168732,'Ibán Ayuso Ródenas','327-721-9872','ibánayusoródenas@gmail.es'),
 (1103293702,'Amparo Soto Mena','322-597-1276','amparosotomena@hotmail.com'),
 (1103430678,'Luciana Acevedo Navas','318-452-4935','lucianaacevedonavas@correo.net'),
 (1103587255,'Jessica Goicoechea Clemente','317-681-6679','jessicagoicoecheaclemente@outlook.net'),
 (1103842748,'Bernardita Vilaplana Moliner','321-431-8040','bernarditavilaplanamoliner@hotmail.net'),
 (1104003397,'Abril Jara Valencia','322-768-7819','abriljaravalencia@outlook.es'),
 (1104491457,'Casemiro de Niño','320-975-6495','casemirodeniño@correo.es'),
 (1104721122,'Adriana Landa Acedo','328-931-2165','adrianalandaacedo@hotmail.net'),
 (1104825221,'Valero Grande Almeida','322-821-6229','valerograndealmeida@hotmail.org'),
 (1104946182,'Melisa Luciana Ferreras Gibert','326-443-7227','melisalucianaferrerasgibert@yahoo.net'),
 (1105592802,'Severo Navarro Elías','312-421-7043','severonavarroelías@gmail.co'),
 (1105714268,'Candelas Rebeca Plana Meléndez','313-113-1360','candelasrebecaplanameléndez@correo.org'),
 (1105930479,'Leticia del Martin','314-151-2270','leticiadelmartin@correo.com'),
 (1106091122,'Marisol Rocamora Gonzalo','312-457-1624','marisolrocamoragonzalo@gmail.org'),
 (1106140883,'Marcial Bautista Quintanilla','321-643-5114','marcialbautistaquintanilla@webmail.co'),
 (1106505889,'Cloe del Vergara','324-966-4855','cloedelvergara@outlook.co'),
 (1106572931,'Daniel Ruano Arjona','312-748-6417','danielruanoarjona@outlook.co'),
 (1106762950,'Cipriano de Suárez','319-630-8833','ciprianodesuárez@outlook.co'),
 (1106818153,'Esther Teresa Robles Barrios','313-209-9064','estherteresaroblesbarrios@correo.org'),
 (1106822382,'Silvio Uría Cardona','327-607-5772','silviouríacardona@webmail.net'),
 (1107098183,'Gustavo del Collado','329-750-4737','gustavodelcollado@outlook.com'),
 (1107439898,'Vidal del Osuna','316-117-5557','vidaldelosuna@outlook.org'),
 (1107499714,'Jaime Vilanova Gallardo','315-342-6706','jaimevilanovagallardo@yahoo.es'),
 (1107804233,'Eloísa Sola','324-652-2875','eloísasola@correo.es'),
 (1107855707,'Mayte Monreal-Berenguer','321-434-6389','maytemonreal-berenguer@gmail.org'),
 (1107899686,'Loida Ferrera Padilla','317-719-8079','loidaferrerapadilla@webmail.org'),
 (1107943080,'Felicidad Haydée Morell Osuna','321-718-7472','felicidadhaydéemorellosuna@hotmail.net'),
 (1108040903,'Calista Cruz','312-971-6772','calistacruz@correo.co'),
 (1108060126,'Mauricio Pagès Diego','325-895-8499','mauriciopagèsdiego@yahoo.org'),
 (1108400995,'Jose Francisco Pereira-Barba','313-483-8004','josefranciscopereira-barba@hotmail.co'),
 (1108534196,'Nacio Comas Páez','310-420-2105','naciocomaspáez@gmail.co'),
 (1108573335,'Roberto Vergara Rivas','311-717-4528','robertovergararivas@outlook.es'),
 (1108805515,'Fausto Seco Diego','311-618-2605','faustosecodiego@outlook.co'),
 (1109093278,'Felisa Benitez Carreras','325-366-4030','felisabenitezcarreras@yahoo.net'),
 (1109211831,'Teófilo Camacho Sebastián','313-393-6002','teófilocamachosebastián@hotmail.co'),
 (1110030028,'Aránzazu Planas-Casals','321-145-8701','aránzazuplanas-casals@hotmail.net'),
 (1110099189,'Magdalena Blázquez Sainz','311-229-8569','magdalenablázquezsainz@webmail.org'),
 (1110101167,'Cristian Urrutia Mir','329-437-8484','cristianurrutiamir@outlook.co'),
 (1110145689,'Marcial Casas Céspedes','323-423-4808','marcialcasascéspedes@outlook.net'),
 (1110287557,'Wilfredo Navarro-Diego','321-534-5749','wilfredonavarro-diego@gmail.org'),
 (1110437820,'Tomasa Teresa Berenguer Tello','328-502-2747','tomasateresaberenguertello@correo.org'),
 (1110511527,'Teresita Baquero Frías','327-831-2305','teresitabaquerofrías@gmail.org'),
 (1110641466,'Wálter Lladó Rosselló','322-426-2497','wálterlladórosselló@correo.org'),
 (1111161178,'Celia Angulo Duarte','319-561-7781','celiaanguloduarte@webmail.org'),
 (1111479659,'Custodio Quiroga','314-776-8846','custodioquiroga@gmail.net'),
 (1111497734,'Demetrio Granados Aguirre','323-946-7163','demetriogranadosaguirre@webmail.es'),
 (1111780910,'Ceferino Salas Martorell','328-203-7851','ceferinosalasmartorell@gmail.net'),
 (1112091028,'Rosenda Pera','313-300-4610','rosendapera@correo.net'),
 (1112451700,'Leandra Gutierrez Pinedo','321-869-9988','leandragutierrezpinedo@yahoo.com'),
 (1112585410,'Lourdes Arranz Baquero','313-583-1366','lourdesarranzbaquero@hotmail.es'),
 (1112698364,'Luz Ibañez Arroyo','327-630-5971','luzibañezarroyo@webmail.org'),
 (1112904283,'Lupe Gaya Linares','326-342-2701','lupegayalinares@hotmail.org'),
 (1113416094,'Felix Ayuso Peral','326-597-6444','felixayusoperal@hotmail.net'),
 (1113465922,'Che Eric Espada Olmo','328-770-1958','cheericespadaolmo@correo.com'),
 (1113740044,'Juanito Valcárcel Bernat','313-152-1336','juanitovalcárcelbernat@correo.org'),
 (1113930051,'Isaac del Perera','314-708-1250','isaacdelperera@outlook.es'),
 (1114330124,'Íngrid Anglada-Figueroa','314-526-8067','íngridanglada-figueroa@outlook.es'),
 (1114416584,'Jose Carlos de Falcó','312-915-7412','josecarlosdefalcó@correo.co'),
 (1114837750,'Amarilis Sobrino Conesa','314-278-6514','amarilissobrinoconesa@outlook.es'),
 (1114961115,'Teodora Morcillo Cazorla','329-634-8459','teodoramorcillocazorla@hotmail.com'),
 (1115218014,'Pelayo Salamanca Almazán','324-703-2830','pelayosalamancaalmazán@webmail.co'),
 (1115307113,'Paula Cobos Cazorla','321-872-1278','paulacoboscazorla@gmail.net'),
 (1115470430,'Mar Ferrando Prado','319-937-1831','marferrandoprado@hotmail.com'),
 (1115484586,'Ágata Salas Artigas','329-999-6062','ágatasalasartigas@gmail.org'),
 (1115753096,'Milagros Salom Jaume','318-252-8976','milagrossalomjaume@yahoo.es'),
 (1115874610,'Clímaco del Duran','321-615-2363','clímacodelduran@webmail.es'),
 (1116077732,'Oriana Gala Aramburu Rivera','324-607-6015','orianagalaarambururivera@webmail.com'),
 (1116191610,'María Manuela Toledo-Roura','322-845-6783','maríamanuelatoledo-roura@yahoo.com'),
 (1116525664,'Sarita del Juan','329-451-3169','saritadeljuan@yahoo.org'),
 (1116583106,'Rogelio del Palomares','326-975-7330','rogeliodelpalomares@webmail.net'),
 (1116901168,'Dora Vallés-Nebot','320-959-5621','doravallés-nebot@webmail.net'),
 (1117241556,'Amaya Fonseca-Azorin','310-870-2819','amayafonseca-azorin@outlook.com'),
 (1117390331,'Jesús del Puerta','328-236-3094','jesúsdelpuerta@correo.org'),
 (1117395287,'Soledad Coronado','322-837-6405','soledadcoronado@correo.org'),
 (1117487919,'Morena Puga-Nicolás','322-672-2609','morenapuga-nicolás@hotmail.es'),
 (1117735231,'Guiomar Valentín Vara','328-356-8246','guiomarvalentínvara@webmail.es'),
 (1117870223,'Jimena Crespi Garrido','312-770-4715','jimenacrespigarrido@outlook.es'),
 (1118079012,'Begoña Serna Palma','317-118-3754','begoñasernapalma@hotmail.es'),
 (1118140354,'Luís Romero Briones','318-755-5441','luísromerobriones@outlook.com'),
 (1118149873,'Pepe Chamorro-Campillo','324-536-8173','pepechamorro-campillo@correo.com'),
 (1118239432,'Luis Ángel Azcona Seco','329-259-4164','luisángelazconaseco@correo.co'),
 (1118565901,'Ángela Almansa Bárcena','326-188-8611','ángelaalmansabárcena@gmail.net'),
 (1118749777,'Teófilo Cabezas','310-827-5700','teófilocabezas@gmail.org'),
 (1118819884,'Arturo Fonseca','329-231-8910','arturofonseca@gmail.co'),
 (1118859477,'Ernesto Ribas Falcón','321-924-1759','ernestoribasfalcón@yahoo.co'),
 (1119103085,'Fortunato Bermúdez Casanova','310-890-7462','fortunatobermúdezcasanova@gmail.org'),
 (1119496523,'Gustavo Adán Valencia','318-261-1067','gustavoadánvalencia@hotmail.com'),
 (1119803263,'Mohamed Sanz Planas','317-801-8886','mohamedsanzplanas@hotmail.org'),
 (1119973008,'Ana Villaverde','324-316-7326','anavillaverde@webmail.net'),
 (1120126403,'Luisa Lasa Saura','326-439-2419','luisalasasaura@gmail.es'),
 (1120200742,'Néstor Zamorano Lago','314-186-8523','néstorzamoranolago@yahoo.es'),
 (1120507757,'Anastasio Linares Jáuregui','317-359-3617','anastasiolinaresjáuregui@hotmail.org'),
 (1120633609,'Clara Baquero Morcillo','325-811-6869','clarabaqueromorcillo@correo.org'),
 (1120717162,'Eusebia Guerrero Torres','328-870-3225','eusebiaguerrerotorres@gmail.org'),
 (1120761292,'Guadalupe Torrens Moreno','314-446-6412','guadalupetorrensmoreno@webmail.co'),
 (1121087558,'Olga Portero Flores','318-848-8225','olgaporteroflores@hotmail.com'),
 (1121219827,'Roberto Jaén Font','313-702-8203','robertojaénfont@webmail.com'),
 (1121277042,'Óscar Aragonés','328-173-3315','óscararagonés@correo.co'),
 (1121410560,'Che Alvarado-Núñez','319-360-2594','chealvarado-núñez@gmail.co'),
 (1121427046,'Fabiola del Quirós','314-156-8541','fabioladelquirós@gmail.co'),
 (1121886326,'Camilo Aguilar','312-121-9018','camiloaguilar@gmail.net'),
 (1122108935,'Nieves Leal Ruano','321-445-1084','nieveslealruano@outlook.es'),
 (1122221918,'Ricardo Rosell Gallart','317-327-2464','ricardorosellgallart@correo.co'),
 (1122494821,'Raúl Verdejo Barba','329-351-5355','raúlverdejobarba@webmail.net'),
 (1122528506,'Alejo de Real','317-137-2656','alejodereal@webmail.com'),
 (1122645921,'Baltasar Osuna Rocamora','318-504-2595','baltasarosunarocamora@gmail.com'),
 (1122810206,'Paulino Arteaga','310-133-1563','paulinoarteaga@outlook.net'),
 (1122823647,'Renata María Cristina Guitart Batalla','321-865-8034','renatamaríacristinaguitartbatalla@correo.net'),
 (1122979594,'Marcelino Carranza Hurtado','323-734-3739','marcelinocarranzahurtado@webmail.co'),
 (1123127888,'Pili Cuevas Lucena','317-526-3311','pilicuevaslucena@correo.org'),
 (1123177517,'Celestino Cal-Heras','320-352-6330','celestinocal-heras@gmail.org'),
 (1123254768,'Débora Hidalgo-Carvajal','316-146-2331','déborahidalgo-carvajal@gmail.net'),
 (1123545431,'Paloma Morante Vicens','319-128-2043','palomamorantevicens@outlook.com'),
 (1123570734,'Che Cabo Sevillano','311-631-1614','checabosevillano@outlook.es'),
 (1123965029,'Joan Tirado','318-190-4686','joantirado@hotmail.com'),
 (1124222591,'Dulce de Gonzalo','311-482-4102','dulcedegonzalo@gmail.org'),
 (1124319189,'Renata Olmo-Santos','321-773-9945','renataolmo-santos@hotmail.org'),
 (1124555727,'Ruperto del Montaña','318-557-9659','rupertodelmontaña@gmail.es'),
 (1124666188,'Godofredo Garay Vicente','313-899-9415','godofredogarayvicente@hotmail.org'),
 (1124771116,'Virgilio Porras Garmendia','320-354-6153','virgilioporrasgarmendia@yahoo.com'),
 (1125053636,'Emilio Vicente Báez','317-636-8730','emiliovicentebáez@hotmail.co'),
 (1125252645,'Julio Cortes Clemente','310-641-7115','juliocortesclemente@gmail.org'),
 (1125473571,'Vanesa Echeverría Corral','312-881-7827','vanesaecheverríacorral@hotmail.net'),
 (1125625038,'Anacleto Gabriel Palomar Castañeda','326-209-7041','anacletogabrielpalomarcastañeda@hotmail.net'),
 (1125762236,'Pelayo Paniagua Ibañez','319-430-4614','pelayopaniaguaibañez@yahoo.org'),
 (1125785159,'Dora Blanca Cabeza Alvarez','323-142-6953','dorablancacabezaalvarez@yahoo.org'),
 (1125848107,'Tadeo Cuevas Belda','312-679-7877','tadeocuevasbelda@gmail.net'),
 (1126025959,'Jovita Ortuño Riera','327-109-8012','jovitaortuñoriera@gmail.com'),
 (1126304821,'Jafet Quintana','325-821-8036','jafetquintana@gmail.net'),
 (1126321627,'Olivia Calderón-Zurita','318-117-3610','oliviacalderón-zurita@yahoo.org'),
 (1126369936,'Rico Adán Guzman Coello','328-714-3359','ricoadánguzmancoello@webmail.com'),
 (1126708859,'Herminia Raya Español','313-263-5361','herminiarayaespañol@webmail.com'),
 (1126709509,'Ariadna Carmona Montserrat','312-561-7440','ariadnacarmonamontserrat@correo.com'),
 (1126892946,'Maximiano Lasa','323-978-2457','maximianolasa@correo.com'),
 (1126950813,'Olivia Serrano Nevado','322-760-4373','oliviaserranonevado@correo.net'),
 (1127063186,'Isidoro Pla Gargallo','311-114-9873','isidoroplagargallo@correo.net'),
 (1127236138,'Pepe Montaña Montes','317-696-4332','pepemontañamontes@hotmail.es'),
 (1127443510,'Fortunato Arrieta-Roman','327-572-2506','fortunatoarrieta-roman@outlook.com'),
 (1127945850,'Danilo Patiño Calleja','312-293-4131','danilopatiñocalleja@correo.es'),
 (1127978301,'Angelina Ugarte Albero','316-574-6584','angelinaugartealbero@webmail.com'),
 (1128342756,'Dan Haro Morillo','320-651-5310','danharomorillo@yahoo.co'),
 (1128369927,'Alexandra Tomas-Adadia','322-357-6251','alexandratomas-adadia@outlook.org'),
 (1128448925,'Ernesto Alba Cabello','321-927-3115','ernestoalbacabello@gmail.com'),
 (1128501443,'Bernabé Mendizábal','327-399-9675','bernabémendizábal@webmail.net'),
 (1128641848,'Isabel Dominguez','324-162-2975','isabeldominguez@outlook.net'),
 (1129393986,'Valentín Juanito Ayuso Arce','325-631-2481','valentínjuanitoayusoarce@yahoo.com'),
 (1129506199,'Ciro Amores','316-227-9916','ciroamores@correo.es'),
 (1129574737,'Ramón Rios España','321-729-2438','ramónriosespaña@correo.com'),
 (1129878650,'Jose Ramón Hoyos','319-551-9106','joseramónhoyos@gmail.net'),
 (1129907596,'José Mari Ledesma Rozas','315-259-8795','josémariledesmarozas@gmail.net'),
 (1129981741,'Julio Angulo','327-656-4633','julioangulo@gmail.com'),
 (1130078724,'Chus Rivero Garriga','327-496-4122','chusriverogarriga@outlook.com'),
 (1130161080,'Atilio Infante','310-988-4405','atilioinfante@webmail.net'),
 (1130474103,'Guiomar del Pera','315-838-9885','guiomardelpera@webmail.co'),
 (1130805191,'Casandra Barragán Díez','316-530-1778','casandrabarragándíez@yahoo.net'),
 (1131514621,'Fanny María Orozco Solé','314-824-1005','fannymaríaorozcosolé@gmail.net'),
 (1131534159,'Remigio Arenas Gonzalo','317-994-2368','remigioarenasgonzalo@gmail.com'),
 (1132110686,'Pascual Tello Valbuena','326-216-4749','pascualtellovalbuena@yahoo.net'),
 (1132386503,'Begoña Aroca Melero','316-454-4798','begoñaarocamelero@gmail.org'),
 (1132560909,'Godofredo Carrillo Palma','329-689-6810','godofredocarrillopalma@yahoo.org'),
 (1133006757,'Concepción Vicenta Andrade Benítez','321-295-2538','concepciónvicentaandradebenítez@webmail.co'),
 (1133361268,'Mateo Aitor Bonet Sanjuan','312-997-1041','mateoaitorbonetsanjuan@yahoo.es'),
 (1133436891,'Clarisa Bravo Julián','321-721-4391','clarisabravojulián@webmail.es'),
 (1133575994,'Marcio Feliu Santana','311-800-6326','marciofeliusantana@yahoo.org'),
 (1133768115,'Vicente Reynaldo Español Narváez','311-116-2807','vicentereynaldoespañolnarváez@outlook.es'),
 (1134221392,'Dora Castillo Araujo','312-401-1254','doracastilloaraujo@correo.org'),
 (1134233327,'Javiera Ariza','328-308-4630','javieraariza@gmail.org'),
 (1134254082,'Fortunato Ángel Arévalo Expósito','316-570-9343','fortunatoángelarévaloexpósito@yahoo.org'),
 (1134360671,'Fidel Naranjo','320-809-4358','fidelnaranjo@correo.org'),
 (1134364969,'Javier Beltran-Larrea','323-336-2165','javierbeltran-larrea@outlook.com'),
 (1134693822,'Alba Sola Vázquez','320-756-9699','albasolavázquez@yahoo.org'),
 (1135007795,'Alcides Arnau Guardiola','326-500-5262','alcidesarnauguardiola@webmail.co'),
 (1135535134,'Jovita Mateo Montalbán','324-962-4733','jovitamateomontalbán@hotmail.es'),
 (1135620479,'Anunciación Morales Bustamante','314-835-6032','anunciaciónmoralesbustamante@gmail.es'),
 (1135880815,'Carina del Urrutia','316-261-5183','carinadelurrutia@gmail.net'),
 (1135892842,'Ágata Bustamante','319-365-2512','ágatabustamante@hotmail.net'),
 (1136031998,'Patricia Delgado Castañeda','325-162-6949','patriciadelgadocastañeda@correo.org'),
 (1136281127,'Felipe Salcedo Carretero','321-210-3275','felipesalcedocarretero@hotmail.com'),
 (1136729201,'Fabio Cepeda Quevedo','328-103-1509','fabiocepedaquevedo@yahoo.co'),
 (1136789523,'Ainoa Goñi Valenzuela','323-706-1629','ainoagoñivalenzuela@outlook.co'),
 (1136823265,'Félix Zamora Gomis','313-875-2747','félixzamoragomis@webmail.net'),
 (1137149966,'Pía Miranda Noriega','325-588-5271','píamirandanoriega@gmail.org'),
 (1137580798,'Amparo Alfaro-Luján','322-205-6628','amparoalfaro-luján@correo.es'),
 (1137747194,'Rebeca Adelina Plaza Guardiola','319-884-8582','rebecaadelinaplazaguardiola@yahoo.es'),
 (1137990725,'Guiomar Pareja Carrera','317-534-8712','guiomarparejacarrera@webmail.org'),
 (1138017740,'Luis Ángel Amor Hernández','315-297-8362','luisángelamorhernández@webmail.com'),
 (1138162735,'Ildefonso Ferrera Rius','321-251-4549','ildefonsoferrerarius@hotmail.com'),
 (1138239706,'Raquel Garzón','326-750-2186','raquelgarzón@webmail.net'),
 (1138277250,'Dalila Leon Pavón','317-184-5305','dalilaleonpavón@hotmail.com'),
 (1138286908,'Rogelio Aroca','327-101-9267','rogelioaroca@gmail.es'),
 (1138504551,'Marino Rivera-Ribes','313-746-7902','marinorivera-ribes@outlook.com'),
 (1138584505,'Plácido Reina Cobos','318-102-1452','plácidoreinacobos@webmail.org'),
 (1139103844,'Tatiana Osuna Cuervo','318-446-7671','tatianaosunacuervo@webmail.net'),
 (1139185910,'Almudena del Martorell','327-386-5813','almudenadelmartorell@correo.net'),
 (1139312835,'Darío Diego Pedraza','320-136-1610','daríodiegopedraza@webmail.co'),
 (1139494309,'Valeria Fabra','326-952-4199','valeriafabra@outlook.org'),
 (1139659085,'Loida Sala Egea','323-889-6879','loidasalaegea@hotmail.es'),
 (1139877682,'Felipa Jerez-Sureda','316-612-4258','felipajerez-sureda@correo.co'),
 (1139929945,'Rodolfo Cleto Cortina Gallo','321-329-2239','rodolfocletocortinagallo@correo.com'),
 (1139943883,'Encarnación Mora Bustos','320-655-2552','encarnaciónmorabustos@hotmail.es'),
 (1139981638,'Teo Ferrándiz-Canet','324-264-6954','teoferrándiz-canet@outlook.net'),
 (1140099431,'Jose Antonio Martinez','317-188-1201','joseantoniomartinez@yahoo.org'),
 (1140374626,'Fabiola Galan Torrens','314-128-4842','fabiolagalantorrens@outlook.com'),
 (1140605097,'Diego Raúl Nogueira Manzanares','312-499-6347','diegoraúlnogueiramanzanares@outlook.net'),
 (1140767825,'Loreto Ordóñez Torrecilla','326-824-8408','loretoordóñeztorrecilla@correo.org'),
 (1140773293,'Azahara Capdevila Jaén','326-200-9612','azaharacapdevilajaén@gmail.org'),
 (1140992363,'Narcisa Calleja Verdú','317-287-6918','narcisacallejaverdú@correo.org'),
 (1141130097,'Aitor Gracia','329-447-5455','aitorgracia@outlook.net'),
 (1141215171,'Gerónimo Calderón Osorio','318-873-7044','gerónimocalderónosorio@outlook.com'),
 (1141262275,'Bartolomé del Zorrilla','318-345-7184','bartolomédelzorrilla@gmail.net'),
 (1141316366,'Lupe Maura Santos Carrasco','321-367-8342','lupemaurasantoscarrasco@correo.net'),
 (1141320997,'Nicanor Redondo Ferreras','322-470-1230','nicanorredondoferreras@outlook.net'),
 (1141609722,'Miguel Yago García Fuertes','320-479-1810','miguelyagogarcíafuertes@yahoo.es'),
 (1141784924,'Felix Diego Peralta','312-520-7852','felixdiegoperalta@gmail.org'),
 (1141930612,'Griselda Almagro Castell','310-909-1447','griseldaalmagrocastell@gmail.com'),
 (1141987647,'Paca Arce Carranza','318-803-4378','pacaarcecarranza@webmail.org'),
 (1142086430,'Belen Saura','324-654-9496','belensaura@yahoo.org'),
 (1142313808,'Juanita Amarilis Casals Pellicer','318-213-3779','juanitaamariliscasalspellicer@gmail.org'),
 (1142474156,'Caridad Batlle Téllez','328-814-6121','caridadbatlletéllez@yahoo.com'),
 (1142487476,'Rocío Palomino-Leon','328-774-6883','rocíopalomino-leon@gmail.es'),
 (1142645051,'Bernardita Roldán Serna','316-738-1614','bernarditaroldánserna@hotmail.es'),
 (1142804249,'Alex Catalán','320-803-4467','alexcatalán@outlook.com'),
 (1142817126,'Anunciación Marco-Angulo','311-816-4251','anunciaciónmarco-angulo@webmail.com'),
 (1142903338,'Rodolfo Herberto Hoz Tur','326-540-8615','rodolfoherbertohoztur@gmail.es'),
 (1143186467,'Hermenegildo Agullo Salinas','321-421-5946','hermenegildoagullosalinas@yahoo.co'),
 (1143233144,'Emiliano Grande Conde','324-717-8621','emilianograndeconde@yahoo.com'),
 (1143863217,'Pepe Prieto-Blanes','317-169-9963','pepeprieto-blanes@correo.es'),
 (1143902876,'Susana Vargas Carbajo','320-417-8275','susanavargascarbajo@gmail.org'),
 (1143949259,'Benigna Pastora Garriga Carreño','325-203-9920','benignapastoragarrigacarreño@webmail.org'),
 (1143962841,'Florina Galindo','326-905-6229','florinagalindo@hotmail.org'),
 (1144099935,'Baltasar Calderón','324-115-7926','baltasarcalderón@yahoo.com'),
 (1144112182,'Inés Perales Quero','316-200-7519','inésperalesquero@gmail.es'),
 (1144151982,'Candelas Granados','319-695-3094','candelasgranados@yahoo.co'),
 (1144345843,'Odalys de Marí','327-939-5752','odalysdemarí@webmail.co'),
 (1144476216,'Ángel Cerro Campo','326-136-6147','ángelcerrocampo@gmail.es'),
 (1144786190,'Benjamín Pinilla Lorenzo','313-281-3531','benjamínpinillalorenzo@webmail.com'),
 (1145053144,'Olimpia Noriega Arregui','312-699-5914','olimpianoriegaarregui@gmail.org'),
 (1145258986,'Lupe de Vázquez','325-557-4594','lupedevázquez@outlook.es'),
 (1145319350,'Jose Ignacio Barco Díez','325-667-9930','joseignaciobarcodíez@webmail.com'),
 (1147023224,'Geraldo Ríos Arnau','310-348-4643','geraldoríosarnau@yahoo.co'),
 (1147663030,'Jenny Palomo-Ariza','316-455-8106','jennypalomo-ariza@yahoo.net'),
 (1148219596,'Cándida Rojas Batlle','318-630-5206','cándidarojasbatlle@correo.com'),
 (1148835194,'Jordán Vázquez Sanabria','329-466-8024','jordánvázquezsanabria@correo.org'),
 (1149062283,'Mateo de Miguel','329-494-4412','mateodemiguel@hotmail.es'),
 (1149079366,'Aura Palomino-Costa','323-490-1840','aurapalomino-costa@outlook.co'),
 (1149190181,'Salomé del Peña','322-791-7795','salomédelpeña@gmail.net'),
 (1149373325,'Adalberto Reig Lumbreras','319-901-9035','adalbertoreiglumbreras@gmail.es'),
 (1149448504,'Eustaquio Balaguer Rivas','319-785-3457','eustaquiobalaguerrivas@correo.net'),
 (1149880765,'Simón del Nieto','323-100-2308','simóndelnieto@yahoo.org'),
 (1149935604,'Clotilde Ibáñez Armengol','318-960-7802','clotildeibáñezarmengol@outlook.org'),
 (1150462271,'Tamara Bernal Salcedo','323-446-3339','tamarabernalsalcedo@gmail.net'),
 (1150878664,'Calista Badía Galván','317-652-4081','calistabadíagalván@gmail.es'),
 (1151015126,'Ofelia Domínguez Fernández','316-327-9171','ofeliadomínguezfernández@correo.com'),
 (1151204170,'Dora Cortés-Jover','326-262-6490','doracortés-jover@yahoo.es'),
 (1151307090,'Albina Balaguer Benavente','317-750-8321','albinabalaguerbenavente@webmail.com'),
 (1151989479,'María Carmen Bermejo','319-689-9184','maríacarmenbermejo@hotmail.com'),
 (1152303189,'Anita Goicoechea Acosta','329-536-3815','anitagoicoecheaacosta@outlook.org'),
 (1152305543,'Natanael Cal Ariño','321-929-7021','natanaelcalariño@yahoo.com'),
 (1152425712,'Nazario Cortes Azcona','317-861-7390','nazariocortesazcona@yahoo.net'),
 (1152439325,'Baudelio Olmo Ballesteros','323-830-8737','baudelioolmoballesteros@outlook.com'),
 (1152559730,'Paca de Isern','323-606-2039','pacadeisern@correo.co'),
 (1152855365,'Estrella Oliveras-Suárez','316-796-8325','estrellaoliveras-suárez@outlook.com'),
 (1153307033,'Juliana Roda Ballester','315-366-9556','julianarodaballester@outlook.org'),
 (1153505401,'Sofía Palmer','318-811-3639','sofíapalmer@correo.org'),
 (1153735898,'Ibán de Carmona','318-110-8160','ibándecarmona@hotmail.org'),
 (1153809569,'Rita Guerra Reig','323-243-1786','ritaguerrareig@correo.co'),
 (1154671233,'Elpidio Serna','310-666-2205','elpidioserna@webmail.net'),
 (1155275823,'Nydia Ascensión Estévez Carrasco','311-534-6828','nydiaascensiónestévezcarrasco@yahoo.es'),
 (1155381106,'Custodio Olivera','326-387-9389','custodioolivera@yahoo.es'),
 (1155474704,'Matilde Aragonés Amigó','325-323-9788','matildearagonésamigó@webmail.com'),
 (1155581342,'Encarnación del Ricart','320-670-1161','encarnacióndelricart@yahoo.com'),
 (1155832056,'Rosenda Barberá','328-466-9233','rosendabarberá@webmail.es'),
 (1155847624,'Dolores Villaverde Galán','320-788-2559','doloresvillaverdegalán@yahoo.net'),
 (1156211922,'José Mari Luna Perales','313-883-2200','josémarilunaperales@outlook.co'),
 (1156585208,'Ámbar Llopis Matas','327-226-9161','ámbarllopismatas@webmail.net'),
 (1156596042,'Elvira de Aroca','321-149-9634','elviradearoca@yahoo.com'),
 (1157267501,'Bernardino Jáuregui-Torrecilla','327-749-1791','bernardinojáuregui-torrecilla@yahoo.com'),
 (1157646755,'Jimena Castrillo Buendía','319-212-8257','jimenacastrillobuendía@correo.com'),
 (1158405001,'Jose Ignacio Porcel Verdejo','311-797-3107','joseignacioporcelverdejo@correo.co'),
 (1158563763,'Eutimio del Juárez','321-142-9155','eutimiodeljuárez@correo.net'),
 (1158834671,'Serafina Pozuelo Soria','314-285-4341','serafinapozuelosoria@gmail.co'),
 (1159081320,'Javi Saldaña','326-770-1746','javisaldaña@hotmail.org'),
 (1159081883,'Plácido Belmonte Espejo','329-196-7182','plácidobelmonteespejo@correo.es'),
 (1159159359,'Noa Casanova Gilabert','311-721-1647','noacasanovagilabert@outlook.net'),
 (1159616803,'Ramiro Baró','319-912-2365','ramirobaró@gmail.net'),
 (1159838047,'Montserrat del Gomila','322-990-8777','montserratdelgomila@webmail.es'),
 (1159949595,'Olga Agustí Cantón','311-208-1331','olgaagustícantón@webmail.es'),
 (1159955719,'Candelaria Vilaplana Tejada','311-548-5625','candelariavilaplanatejada@webmail.org'),
 (1159988057,'Edgardo del Seco','323-554-6361','edgardodelseco@correo.es'),
 (1160051351,'Calista Sandoval Garcés','326-364-8265','calistasandovalgarcés@webmail.es'),
 (1161163663,'Aitana Parejo Ramis','327-218-3504','aitanaparejoramis@hotmail.com'),
 (1161443580,'Mario Puerta-Abad','316-814-1442','mariopuerta-abad@yahoo.com'),
 (1161782262,'Isidoro Saura Seco','310-555-9377','isidorosauraseco@webmail.co'),
 (1161862894,'Petrona Escamilla Salinas','314-584-4219','petronaescamillasalinas@yahoo.es'),
 (1161889302,'Leandra Pagès Carrera','323-230-6637','leandrapagèscarrera@webmail.net'),
 (1161960227,'Ovidio Briones-Blasco','318-627-5021','ovidiobriones-blasco@outlook.es'),
 (1161996344,'Amada Alma Reina Frutos','323-350-2678','amadaalmareinafrutos@gmail.co'),
 (1162582966,'Samu de Tena','322-880-4330','samudetena@webmail.net'),
 (1163032662,'Juliana Simó Montes','312-277-3800','julianasimómontes@webmail.net'),
 (1163147584,'Pío Saldaña Arroyo','323-821-3002','píosaldañaarroyo@gmail.net'),
 (1163343440,'Carmina Pedrosa Losa','324-415-1776','carminapedrosalosa@gmail.es'),
 (1163445036,'Josep Arenas Alberdi','316-407-1423','joseparenasalberdi@webmail.net'),
 (1163512792,'Elodia Mariscal Robles','326-177-7098','elodiamariscalrobles@webmail.es'),
 (1163649605,'Vilma Reig Belda','325-117-2742','vilmareigbelda@webmail.com'),
 (1164324944,'Bruno Castell Millán','313-197-3326','brunocastellmillán@yahoo.net'),
 (1164434729,'Moisés de Huguet','326-407-6058','moisésdehuguet@gmail.com'),
 (1164486186,'Rosaura Catalá Oller','329-903-8020','rosauracataláoller@hotmail.org'),
 (1165415938,'Marisela Pont','327-115-2604','mariselapont@hotmail.com'),
 (1165821655,'Camilo Perera Olmedo','313-989-2687','camilopereraolmedo@hotmail.co'),
 (1165825896,'Ismael Rios Jove','310-441-9381','ismaelriosjove@hotmail.net'),
 (1165879156,'Blanca del Saez','329-483-9514','blancadelsaez@correo.org'),
 (1166428940,'Edgardo Mas Bernat','325-426-3629','edgardomasbernat@outlook.net'),
 (1167075688,'Florina Salvà Carnero','312-795-6126','florinasalvàcarnero@correo.net'),
 (1167086962,'Nadia Perez-Gallardo','313-582-5173','nadiaperez-gallardo@webmail.com'),
 (1167606613,'Gala Cerezo Núñez','316-443-8941','galacerezonúñez@hotmail.org'),
 (1167676585,'Clemente Gimeno Reyes','321-265-2800','clementegimenoreyes@yahoo.com'),
 (1167818953,'Nazaret Cuadrado Zorrilla','327-787-4366','nazaretcuadradozorrilla@outlook.com'),
 (1167836361,'Graciana de Cáceres','328-734-6938','gracianadecáceres@hotmail.com'),
 (1167893459,'Agustina Rosa Moles Armengol','318-619-3461','agustinarosamolesarmengol@yahoo.co'),
 (1168008906,'Herminia Estevez Casado','313-835-7736','herminiaestevezcasado@correo.com'),
 (1168081991,'Ester Estela Casares Miralles','317-395-9295','esterestelacasaresmiralles@webmail.es'),
 (1168191179,'Adalberto Gabaldón Coloma','321-901-1872','adalbertogabaldóncoloma@correo.net'),
 (1168575119,'Néstor Estrada Marquez','313-575-8821','néstorestradamarquez@hotmail.es'),
 (1168575404,'Soledad Ibañez','321-225-1182','soledadibañez@outlook.es'),
 (1168688010,'Prudencia Castell Gual','326-676-1693','prudenciacastellgual@yahoo.net'),
 (1168740715,'María Pilar Rosselló Francisco','319-506-3926','maríapilarrossellófrancisco@yahoo.es'),
 (1169009018,'Soraya Murcia Carlos','319-194-3603','sorayamurciacarlos@webmail.es'),
 (1169228883,'Rodolfo de Juan','327-544-2376','rodolfodejuan@webmail.org'),
 (1169563731,'Alejo Peláez Fernandez','319-652-1850','alejopeláezfernandez@hotmail.co'),
 (1169785577,'Sigfrido Zorrilla Linares','318-690-1193','sigfridozorrillalinares@hotmail.com'),
 (1170167350,'Josefa Montenegro-Gimenez','329-227-3111','josefamontenegro-gimenez@outlook.es'),
 (1170303829,'Vicente Gras-Cadenas','329-481-3772','vicentegras-cadenas@hotmail.com'),
 (1170317505,'Marisa Pozuelo Noriega','315-209-2241','marisapozuelonoriega@yahoo.net'),
 (1170463011,'Maxi Ramos Ribera','311-940-1851','maxiramosribera@yahoo.es'),
 (1170724605,'Prudencio Milla Pizarro','319-121-1030','prudenciomillapizarro@yahoo.com'),
 (1170738996,'Filomena Juan Macias','328-151-7657','filomenajuanmacias@webmail.co'),
 (1170762199,'Adelardo del Terrón','310-583-9769','adelardodelterrón@gmail.es'),
 (1171141674,'Paz Vicente','318-475-7390','pazvicente@gmail.co'),
 (1171191401,'Evangelina Múgica Polo','316-968-9441','evangelinamúgicapolo@outlook.org'),
 (1171280710,'Eulalia Salvador Pujol','329-939-1763','eulaliasalvadorpujol@hotmail.org'),
 (1171327935,'Francisco Jose de Barbero','310-955-2472','franciscojosedebarbero@hotmail.co'),
 (1171591698,'Jonatan Huguet Parejo','314-447-4774','jonatanhuguetparejo@webmail.net'),
 (1171627134,'Hipólito Coronado Madrigal','322-511-5019','hipólitocoronadomadrigal@outlook.com'),
 (1172368524,'Laura Cuesta Robles','318-297-4428','lauracuestarobles@yahoo.co'),
 (1172463184,'Eliana Torrijos-Galan','320-346-9834','elianatorrijos-galan@yahoo.co'),
 (1173021062,'Leonardo Vázquez Haro','327-380-4305','leonardovázquezharo@gmail.es'),
 (1173430476,'Eutimio Calisto Cornejo Montero','312-305-4718','eutimiocalistocornejomontero@webmail.net'),
 (1173453725,'César Perelló Pérez','328-311-8070','césarperellópérez@correo.net'),
 (1173613441,'Lucas Maestre Aparicio','319-761-2784','lucasmaestreaparicio@yahoo.net'),
 (1173649209,'José Luis Garmendia Cordero','313-161-1169','joséluisgarmendiacordero@gmail.net'),
 (1173864776,'Viviana Zamorano Isern','319-938-4545','vivianazamoranoisern@gmail.net'),
 (1174002837,'Salomón Mora Hoyos','326-734-3680','salomónmorahoyos@hotmail.org'),
 (1174120511,'Miguela de Blanes','314-318-1221','migueladeblanes@hotmail.es'),
 (1174466379,'Marcelino Sarabia Solé','317-994-9969','marcelinosarabiasolé@webmail.com'),
 (1174596160,'Gracia Ángel Monreal','311-454-8267','graciaángelmonreal@correo.com'),
 (1174966381,'Luna Riera Cerdá','323-651-9743','lunarieracerdá@gmail.es'),
 (1174999429,'Teodosio Mata','314-509-2646','teodosiomata@yahoo.co'),
 (1175157190,'Geraldo Manjón Coca','322-406-9421','geraldomanjóncoca@outlook.co'),
 (1175255266,'Cándida Julie Paz Benito','319-125-1575','cándidajuliepazbenito@yahoo.com'),
 (1175712327,'Amada Blanch Andrés','320-131-2738','amadablanchandrés@webmail.com'),
 (1175718541,'Jordana Rivero Soler','314-548-6205','jordanariverosoler@outlook.co'),
 (1175926718,'Cristóbal Ramírez','311-428-5321','cristóbalramírez@gmail.co'),
 (1175986619,'Efraín Sáez Blazquez','319-519-7626','efraínsáezblazquez@gmail.co'),
 (1176004404,'Amancio Castro Miranda','327-299-5929','amanciocastromiranda@webmail.co'),
 (1176051984,'Yésica Aránzazu Paniagua Figueroa','323-990-1417','yésicaaránzazupaniaguafigueroa@outlook.net'),
 (1176340466,'Javiera Roldán-Perera','310-994-7574','javieraroldán-perera@outlook.com'),
 (1176705173,'Candelario Humberto Jódar Solano','323-711-8998','candelariohumbertojódarsolano@gmail.com'),
 (1176757230,'Imelda Jaén Montaña','326-843-4387','imeldajaénmontaña@hotmail.org'),
 (1177037777,'José Mari Becerra Ros','317-958-7633','josémaribecerraros@yahoo.co'),
 (1177505020,'Encarnación Echeverría Pedro','322-815-7447','encarnaciónecheverríapedro@gmail.net'),
 (1177699889,'Soledad Carrillo-Torrens','312-252-9876','soledadcarrillo-torrens@webmail.org'),
 (1177727918,'Guillermo Andrés Mata Rosselló','322-990-8867','guillermoandrésmatarosselló@gmail.com'),
 (1177897785,'Lupita Rodrigo Nieto','325-861-5779','lupitarodrigonieto@webmail.org'),
 (1177993489,'Teófila Parejo Gallart','314-310-6440','teófilaparejogallart@gmail.net'),
 (1177996028,'Dalila Adadia','322-154-3605','dalilaadadia@outlook.org'),
 (1178085603,'Virginia Mónica Mayol Valero','317-184-5381','virginiamónicamayolvalero@gmail.com'),
 (1178112826,'Marcelo Borrell Arellano','316-778-3431','marceloborrellarellano@correo.com'),
 (1178347831,'Iker Tovar Carreras','315-209-5155','ikertovarcarreras@gmail.co'),
 (1178692070,'Herminia de Capdevila','327-716-8027','herminiadecapdevila@hotmail.org'),
 (1178920715,'Octavio Vargas','327-380-7666','octaviovargas@gmail.co'),
 (1179067470,'Custodio Lumbreras','325-629-6850','custodiolumbreras@outlook.net'),
 (1179079766,'Rosaura de Landa','324-185-4822','rosauradelanda@outlook.es'),
 (1179305645,'Edgardo Aguilar Vara','329-633-2158','edgardoaguilarvara@outlook.com'),
 (1179370945,'Plinio Mulet','327-771-1789','pliniomulet@hotmail.com'),
 (1179496278,'Jose Carlos Font Cuadrado','324-797-2857','josecarlosfontcuadrado@hotmail.co'),
 (1179658812,'Graciana Heras Vicente','324-173-5231','gracianaherasvicente@yahoo.es'),
 (1179680862,'Marco Morata Donaire','328-914-2990','marcomoratadonaire@gmail.com'),
 (1179685921,'Florina Capdevila Frías','328-371-3279','florinacapdevilafrías@outlook.net'),
 (1179840029,'Fito Solana','323-883-9636','fitosolana@webmail.com'),
 (1180130629,'Amor Carvajal','317-115-3867','amorcarvajal@webmail.es'),
 (1180426594,'Joaquina Sabina Agustín Mariño','310-338-8338','joaquinasabinaagustínmariño@hotmail.com'),
 (1180625441,'Marisela Sacristán Jiménez','328-430-6415','mariselasacristánjiménez@hotmail.es'),
 (1180713205,'Laura Araceli Barbero Agustín','323-431-9526','lauraaracelibarberoagustín@gmail.co'),
 (1181234975,'Cándido Arnau-Castejón','326-873-1231','cándidoarnau-castejón@outlook.com'),
 (1181276760,'Andrea Raya Pujol','327-329-6332','andrearayapujol@webmail.com'),
 (1181341892,'Zacarías Catalá','314-823-3768','zacaríascatalá@gmail.org'),
 (1181956821,'Tatiana Gibert Velázquez','310-141-1362','tatianagibertvelázquez@gmail.co'),
 (1182105051,'Juan José Federico Orozco Egea','325-991-4234','juanjoséfedericoorozcoegea@gmail.es'),
 (1182208644,'Abril Marquez Coello','325-586-5087','abrilmarquezcoello@yahoo.es'),
 (1182901318,'José María Castilla Alberola','326-112-1057','josémaríacastillaalberola@correo.net'),
 (1183055482,'Santiago Porta Rosado','324-971-2416','santiagoportarosado@gmail.net'),
 (1183110156,'Marc de Almagro','326-244-4765','marcdealmagro@hotmail.com'),
 (1183463024,'Modesta Zamorano Carrera','320-985-1225','modestazamoranocarrera@outlook.net'),
 (1183634849,'Horacio Exposito-Solera','320-519-1024','horacioexposito-solera@webmail.es'),
 (1183661802,'Anacleto Antón Morcillo','328-426-8606','anacletoantónmorcillo@yahoo.net'),
 (1183715345,'Cirino Merino','316-441-6010','cirinomerino@correo.es'),
 (1184049698,'Severino Mulet Agustín','324-453-2491','severinomuletagustín@outlook.es'),
 (1184400611,'Guadalupe Batlle Tirado','327-911-9278','guadalupebatlletirado@hotmail.org'),
 (1184476775,'Brígida Tormo Aranda','323-541-2652','brígidatormoaranda@correo.net'),
 (1184588105,'Marcelino Martin Acosta Aroca','325-147-6716','marcelinomartinacostaaroca@gmail.es'),
 (1185022385,'Mónica Cortina-Castillo','311-295-8047','mónicacortina-castillo@correo.co'),
 (1185100382,'Ismael Niño-Alonso','326-348-5174','ismaelniño-alonso@hotmail.org'),
 (1185220820,'Mirta del Arnal','326-697-8293','mirtadelarnal@hotmail.co'),
 (1185308491,'Bibiana Soledad Uriarte Ugarte','322-760-3949','bibianasoledaduriarteugarte@correo.es'),
 (1185362725,'Manu María Teresa Recio Acedo','311-317-8730','manumaríateresarecioacedo@hotmail.org'),
 (1185467422,'Ibán Pombo Simó','326-151-5321','ibánpombosimó@hotmail.net'),
 (1185600094,'Rosalinda del Gallart','316-110-4770','rosalindadelgallart@gmail.com'),
 (1185772390,'Ezequiel Pujadas Laguna','323-148-3992','ezequielpujadaslaguna@hotmail.com'),
 (1186131649,'Emperatriz Ordóñez Reyes','311-326-1192','emperatrizordóñezreyes@webmail.org'),
 (1186533190,'Jimena Río-Echevarría','328-533-2313','jimenarío-echevarría@webmail.es'),
 (1186578266,'Ignacia Torrent Manjón','320-965-1907','ignaciatorrentmanjón@correo.net'),
 (1186658992,'Chucho Barrio Marín','328-601-8988','chuchobarriomarín@yahoo.com'),
 (1186793529,'Montserrat Carbó Portillo','329-459-4895','montserratcarbóportillo@hotmail.org'),
 (1186935606,'Adriana Patiño Cáceres','319-884-3159','adrianapatiñocáceres@correo.com'),
 (1187564755,'Artemio Solana Lloret','317-298-3976','artemiosolanalloret@hotmail.co'),
 (1187568385,'Marisela Petrona Gaya Fuente','328-144-3435','mariselapetronagayafuente@outlook.co'),
 (1187662107,'Nazaret de Bernad','312-469-3361','nazaretdebernad@gmail.com'),
 (1187728786,'Francisco Jose Casanovas Serna','316-152-8185','franciscojosecasanovasserna@webmail.com'),
 (1187831243,'Mateo Palomo Pellicer','323-926-4854','mateopalomopellicer@outlook.es'),
 (1187867951,'Ester Borja Macías','312-177-3026','esterborjamacías@webmail.co'),
 (1188136858,'Rómulo Aguado Berenguer','310-608-2306','rómuloaguadoberenguer@yahoo.net'),
 (1188598760,'Manuela Hernandez Hernando','311-456-9239','manuelahernandezhernando@outlook.net'),
 (1189160997,'León Patricio Frutos Mora','315-481-4234','leónpatriciofrutosmora@correo.es'),
 (1189836530,'Benita del Llopis','321-861-4111','benitadelllopis@hotmail.net'),
 (1189956836,'Marianela Matilde Sanmiguel Durán','320-840-8307','marianelamatildesanmigueldurán@correo.net'),
 (1190547578,'Beatriz León','323-767-7047','beatrizleón@hotmail.org'),
 (1190612261,'Cebrián del Echevarría','319-172-9616','cebriándelechevarría@outlook.net'),
 (1190814329,'Marcos Sans Cabañas','322-278-4815','marcossanscabañas@yahoo.co'),
 (1190893619,'Mariana Jessica Aroca Peña','318-342-3041','marianajessicaarocapeña@gmail.co'),
 (1191052830,'Isaura de Egea','322-741-9352','isauradeegea@webmail.com'),
 (1191118950,'Cecilia Bosch Vidal','324-897-7581','ceciliaboschvidal@gmail.org'),
 (1191272492,'Leonel Sales-Cerdán','314-299-8593','leonelsales-cerdán@webmail.org'),
 (1191274249,'Darío Guardia Caro','324-379-5260','daríoguardiacaro@correo.es'),
 (1191292485,'Matías González Leiva','313-867-4330','matíasgonzálezleiva@yahoo.net'),
 (1191553016,'Ovidio Jódar Sáez','314-907-8876','ovidiojódarsáez@outlook.es'),
 (1191601521,'Ángela Adán Barberá','316-205-3635','ángelaadánbarberá@yahoo.net'),
 (1191669922,'Daniel Aragonés Torre','327-131-6762','danielaragonéstorre@yahoo.net'),
 (1191677253,'Manu Bru Guillen','320-308-3035','manubruguillen@outlook.com'),
 (1191767332,'Águeda Larrañaga Badía','323-220-8996','águedalarrañagabadía@gmail.com'),
 (1191776046,'Ana Sofía Macias Cifuentes','326-795-4922','anasofíamaciascifuentes@gmail.net'),
 (1191882128,'Luis Barranco Acedo','323-757-6845','luisbarrancoacedo@outlook.co'),
 (1191892270,'Adrián Marc Berrocal Gelabert','318-470-4847','adriánmarcberrocalgelabert@webmail.org'),
 (1192000672,'Eladio del Balaguer','328-459-3597','eladiodelbalaguer@correo.es'),
 (1192350510,'Celia Pozuelo Jiménez','315-175-4255','celiapozuelojiménez@outlook.org'),
 (1192386070,'Renata Gutiérrez-Coloma','312-725-5323','renatagutiérrez-coloma@webmail.com'),
 (1192816516,'Xavier Juan Pablo Cano Olivera','329-744-9704','xavierjuanpablocanoolivera@webmail.org'),
 (1192868540,'Ana Belén Plaza Contreras','319-255-1891','anabelénplazacontreras@hotmail.org'),
 (1192875021,'Mayte Lladó Fajardo','318-853-1875','maytelladófajardo@correo.net'),
 (1194345260,'Prudencio Naranjo Benavides','327-784-3214','prudencionaranjobenavides@outlook.co'),
 (1194550281,'Serafina del Giménez','312-236-9264','serafinadelgiménez@webmail.co'),
 (1194572300,'Jerónimo Castro Gallart','324-999-9921','jerónimocastrogallart@webmail.co'),
 (1194886869,'Tamara Sosa Cifuentes','311-218-1545','tamarasosacifuentes@webmail.org'),
 (1195188636,'Azahara Santana Isern','312-981-8387','azaharasantanaisern@webmail.net'),
 (1195225819,'Raimundo Piquer Lumbreras','315-628-9388','raimundopiquerlumbreras@gmail.co'),
 (1195289286,'Eliana Exposito','318-102-6299','elianaexposito@webmail.org'),
 (1195328129,'Brígida del Catalá','320-307-1608','brígidadelcatalá@outlook.net'),
 (1195529233,'Olga Segura Amat','324-997-6163','olgaseguraamat@outlook.org'),
 (1195538069,'Emigdio Berrocal Martin','313-632-3333','emigdioberrocalmartin@correo.com'),
 (1196530829,'Mario Zapata-Oliveras','323-649-7351','mariozapata-oliveras@webmail.es'),
 (1196910247,'Delia Torrijos-Elorza','313-993-8668','deliatorrijos-elorza@hotmail.com'),
 (1196993495,'Edelmira Calvo-Pont','312-244-5927','edelmiracalvo-pont@correo.com'),
 (1197081765,'Arcelia Calvet Zapata','327-819-4513','arceliacalvetzapata@outlook.co'),
 (1197190763,'Dulce Giménez','324-253-8204','dulcegiménez@outlook.es'),
 (1197381303,'Amado Bonilla-Vendrell','329-137-5704','amadobonilla-vendrell@gmail.com'),
 (1198143319,'Lucho Roura Pinto','317-841-1340','luchorourapinto@webmail.org'),
 (1198297325,'Manu Carrasco Alberola','316-492-8178','manucarrascoalberola@webmail.org'),
 (1198406046,'Joel Ribes Quero','310-859-8352','joelribesquero@outlook.co'),
 (1199020175,'Macaria Pinto Manzano','319-493-3187','macariapintomanzano@webmail.com'),
 (1199110988,'Fátima Moraleda','326-432-3186','fátimamoraleda@hotmail.org'),
 (1199143295,'Bárbara Almansa-Cadenas','319-988-2652','bárbaraalmansa-cadenas@correo.co'),
 (1199305511,'Silvio Valenciano Roselló','324-448-3577','silviovalencianoroselló@webmail.com'),
 (1199793381,'Francisco Maza-Sedano','312-373-6109','franciscomaza-sedano@gmail.co');
INSERT INTO medicos (identificacion,nombre_completo,telefono,especialidad) VALUES (1125014962,'Isabela Lobo Saenz','328-121-3877','Neurologia'),
 (1143474814,'Agustin Baron Cid','310-197-2906','Radiologia'),
 (1174947036,'Alex del Morillo','320-727-1157','Psiquiatría'),
 (1122339132,'Noé Ribera','321-538-2393','Cardiología'),
 (1181934671,'Lino Bartolomé Pomares','312-622-5547','Nefrología'),
 (1143133480,'Esther Manuela Juárez Alcalá','319-458-7545','Geriatría'),
 (1178235308,'Tatiana Salmerón Camps','317-118-4276','Ginecología'),
 (1124774990,'Olivia del Bárcena','312-336-7814','Gastroenterología'),
 (1165585821,'Imelda de Gaya','311-406-7526','Geriatría'),
 (1118896660,'Ignacio Royo-Baquero','317-252-2890','Gastroenterología'),
 (1123423704,'Víctor Benito-Nogués','310-178-6274','Psiquiatría'),
 (1159323658,'Porfirio Jose Francisco Pineda Juan','320-100-5485','Reumatología'),
 (1171667032,'Jennifer Naranjo Sandoval','324-888-4092','Oncología'),
 (1130698277,'Iker Bartolomé Goicoechea','324-677-9000','Otorrinolaringología'),
 (1146064425,'Chita Tovar Reina','313-865-7393','Psiquiatría'),
 (1186500516,'Guiomar Samper','326-714-2856','Ginecología'),
 (1162453263,'Eufemia Vega','327-748-2539','Psiquiatría'),
 (1178215944,'Marta Manjón-Quintana','313-151-5389','Geriatría'),
 (1133675406,'Nazario Alberto-Herrero','310-450-1360','Urología'),
 (1139793535,'Odalys Perea Salom','326-866-5436','Radiología'),
 (1149957597,'Arturo Valdés Vaquero','325-986-6886','Neumología'),
 (1128055020,'Alonso Pozo Olivares','311-207-4181','Ginecología'),
 (1111419588,'Ismael de Cámara','316-622-6591','Psiquiatría'),
 (1180777452,'Jose Manuel Uriarte Cabello','317-648-1411','Nefrología'),
 (1172148045,'Lucía de Fuertes','320-550-3231','Hematología'),
 (1152065147,'Paco Cabello-Arnau','314-934-1402','Ginecología'),
 (1100274636,'Febe Azorin Arenas','328-606-5392','Hematología'),
 (1194214360,'Paola Cañete Palomino','325-181-6690','Psiquiatría'),
 (1161935747,'Soledad Mancebo','317-776-5580','Oncología'),
 (1188716545,'Ruy Coello Bastida','318-165-6112','Psiquiatría'),
 (1115030645,'Sancho Rodriguez-Casals','318-853-7492','Endocrinología'),
 (1170340927,'Pastora Paz Montero','327-793-3040','Hematología'),
 (1177926438,'María Belén del Villegas','312-199-2540','Ginecología'),
 (1116448503,'Andrea Cabeza Manjón','322-166-5536','Hematología'),
 (1172799052,'Eusebio Peñas Maestre','321-878-5363','Neurología'),
 (1122529580,'Lucía Escudero Infante','315-163-6151','Urología'),
 (1186292264,'Victor Manuel Roman-Bárcena','314-443-5060','Neurología'),
 (1165349673,'Zaida Polo-Conde','322-121-8693','Geriatría'),
 (1126211224,'Ramona Roig','321-306-7710','Neurología'),
 (1133187876,'Palmira Agullo Lorenzo','329-762-1753','Neumología'),
 (1154012523,'Rolando Mascaró Chaparro','320-578-1052','Hematología'),
 (1182918906,'Noelia Cózar','312-430-9918','Hematología'),
 (1155681250,'Jerónimo Rodrigo Salvador','318-534-4593','Ortopedia'),
 (1187433699,'Eloísa del Durán','310-248-1440','Neumología'),
 (1109364504,'Adora Simó Pons','313-329-8725','Ortopedia'),
 (1123024064,'Emelina Olivé-Batalla','329-989-8211','Reumatología'),
 (1122024681,'José Viñas Losa','316-772-5991','Neurología'),
 (1183537648,'Darío Luna','317-296-5036','Urología'),
 (1102425381,'Ascensión Tejero','311-479-9200','Otorrinolaringología'),
 (1124369069,'Marco Aureliano Cruz Vila','313-810-1413','Medicina Interna');
 COMMIT;
